{"cameraMode":{"drawMode":0,"name":"Shaded","section":"Shading Mode"},"sceneLighting":false,"audioPlay":false,"sceneViewState":{"m_AlwaysRefresh":false,"showFog":true,"showSkybox":false,"showFlares":true,"showImageEffects":true,"showParticleSystems":true,"showVisualEffectGraphs":true,"m_FxEnabled":true},"in2DMode":false,"pivot":{"x":11.841425895690918,"y":0.6578866839408875,"z":9.342519760131836},"rotation":{"x":-0.38170596957206728,"y":0.0034756367094814779,"z":-0.0006179820629768074,"w":-0.9238422513008118},"size":0.1622871458530426,"orthographic":false}