{"cameraMode":{"drawMode":0,"name":"Shaded","section":"Shading Mode"},"sceneLighting":false,"audioPlay":false,"sceneViewState":{"m_AlwaysRefresh":false,"showFog":true,"showSkybox":false,"showFlares":true,"showImageEffects":true,"showParticleSystems":true,"showVisualEffectGraphs":true,"m_FxEnabled":true},"in2DMode":false,"pivot":{"x":35.893272399902347,"y":2.086127281188965,"z":21.231277465820314},"rotation":{"x":0.3449723422527313,"y":0.31189724802970889,"z":-0.12339702248573303,"w":0.8760724067687988},"size":0.2427397519350052,"orthographic":false}