{"cameraMode":{"drawMode":0,"name":"Shaded","section":"Shading Mode"},"sceneLighting":false,"audioPlay":false,"sceneViewState":{"m_AlwaysRefresh":false,"showFog":true,"showSkybox":false,"showFlares":true,"showImageEffects":true,"showParticleSystems":true,"showVisualEffectGraphs":true,"m_FxEnabled":true},"in2DMode":false,"pivot":{"x":0.0001468658447265625,"y":0.8645886182785034,"z":-0.06906183063983917},"rotation":{"x":-0.5834528803825378,"y":0.19416995346546174,"z":-0.14502935111522675,"w":-0.7746394276618958},"size":1.4457756280899048,"orthographic":false}