{"cameraMode":{"drawMode":0,"name":"Shaded","section":"Shading Mode"},"sceneLighting":false,"audioPlay":false,"sceneViewState":{"m_AlwaysRefresh":false,"showFog":true,"showSkybox":false,"showFlares":true,"showImageEffects":true,"showParticleSystems":true,"showVisualEffectGraphs":true,"m_FxEnabled":true},"in2DMode":false,"pivot":{"x":0.05708549916744232,"y":0.06603601574897766,"z":0.026838958263397218},"rotation":{"x":0.4598197340965271,"y":-0.1827164590358734,"z":0.0972534790635109,"w":0.8634846806526184},"size":0.17465932667255402,"orthographic":false}