{"cameraMode":{"drawMode":0,"name":"Shaded","section":"Shading Mode"},"sceneLighting":false,"audioPlay":false,"sceneViewState":{"m_AlwaysRefresh":false,"showFog":true,"showSkybox":false,"showFlares":true,"showImageEffects":true,"showParticleSystems":true,"showVisualEffectGraphs":true,"m_FxEnabled":true},"in2DMode":false,"pivot":{"x":25.863235473632814,"y":2.9250879287719728,"z":11.033601760864258},"rotation":{"x":-0.37434259057044985,"y":-0.04088272154331207,"z":0.01763954758644104,"w":-0.9257609248161316},"size":0.8589667081832886,"orthographic":false}